INSERT INTO sys_user (id, tenant_id, deleted, create_by, create_time, update_by, update_time, version, username, password, real_name, dept_id, status, last_login_time, last_login_ip, remark) VALUES (2037530489174941698, 0, 0, 2037530364444729346, N'2026-03-27 14:01:38', 2037530364444729346, N'2026-03-27 14:01:38', 0, N'admin', N'$2a$10$9nJce9GnBByFFIcGVBYyeesAKy593G4002mNBNfWh/EgDpWj59Wle', N'管理员', null, 1, null, null, null);
INSERT INTO sys_user_role (id, tenant_id, deleted, create_by, create_time, update_by, update_time, version, user_id, role_id) VALUES (2024104872766263297, 0, 0, null, N'2026-02-18 20:53:02', null, N'2026-02-18 20:53:02', 0, 2037530489174941698, 1);
INSERT INTO sys_role (id, tenant_id, deleted, create_by, create_time, update_by, update_time, version, name, code, status, data_scope, remark) VALUES (1, 1, 0, null, N'2026-02-18 12:01:33', null, null, 0, N'超级管理员', N'super', 1, 1, null);
INSERT INTO sys_role (id, tenant_id, deleted, create_by, create_time, update_by, update_time, version, name, code, status, data_scope, remark) VALUES (2026254113280397314, 0, 0, 2037530489174941698, N'2026-02-24 19:13:21', 2037530489174941698, N'2026-02-24 19:13:21', 4, N'管理员', null, 1, 1, null);
INSERT INTO sys_menu (id, tenant_id, deleted, create_by, create_time, update_by, update_time, version, pid, name, type, path, active_path, component, auth_code, status, sort_order, meta_title, meta_icon, meta_active_icon, meta_badge_type, meta_badge, meta_badge_variants, meta_iframe_src, meta_link, meta_keep_alive, meta_affix_tab, meta_hide_in_menu, meta_hide_children_in_menu, meta_hide_in_breadcrumb, meta_hide_in_tab, remark) VALUES (1000000, 0, 0, null, N'2026-02-23 13:07:55', null, null, 0, -1, N'主页', N'catalog', N'/dashboard', N'/analytics', null, null, 0, 0, N'page.dashboard.title', N'ant-design:home-outlined', null, null, null, null, null, null, 0, 0, 0, 0, 0, 0, null);
INSERT INTO sys_menu (id, tenant_id, deleted, create_by, create_time, update_by, update_time, version, pid, name, type, path, active_path, component, auth_code, status, sort_order, meta_title, meta_icon, meta_active_icon, meta_badge_type, meta_badge, meta_badge_variants, meta_iframe_src, meta_link, meta_keep_alive, meta_affix_tab, meta_hide_in_menu, meta_hide_children_in_menu, meta_hide_in_breadcrumb, meta_hide_in_tab, remark) VALUES (1000001, 0, 0, null, N'2026-02-23 13:07:55', null, null, 0, 1000000, N'分析页', N'menu', N'/analytics', null, N'/dashboard/analytics/index', null, 0, 0, N'page.dashboard.analytics', N'ant-design:rise-outlined', null, null, null, null, null, null, 0, 0, 0, 0, 0, 0, null);
INSERT INTO sys_menu (id, tenant_id, deleted, create_by, create_time, update_by, update_time, version, pid, name, type, path, active_path, component, auth_code, status, sort_order, meta_title, meta_icon, meta_active_icon, meta_badge_type, meta_badge, meta_badge_variants, meta_iframe_src, meta_link, meta_keep_alive, meta_affix_tab, meta_hide_in_menu, meta_hide_children_in_menu, meta_hide_in_breadcrumb, meta_hide_in_tab, remark) VALUES (1000002, 0, 0, null, N'2026-02-23 13:07:55', null, null, 0, 1000000, N'工作台', N'menu', N'/workspace', null, N'/dashboard/workspace/index', null, 0, 0, N'page.dashboard.workspace', N'carbon:workspace', null, null, null, null, null, null, 0, 0, 0, 0, 0, 0, null);
INSERT INTO sys_menu (id, tenant_id, deleted, create_by, create_time, update_by, update_time, version, pid, name, type, path, active_path, component, auth_code, status, sort_order, meta_title, meta_icon, meta_active_icon, meta_badge_type, meta_badge, meta_badge_variants, meta_iframe_src, meta_link, meta_keep_alive, meta_affix_tab, meta_hide_in_menu, meta_hide_children_in_menu, meta_hide_in_breadcrumb, meta_hide_in_tab, remark) VALUES (2000000, 0, 0, null, N'2026-02-23 13:07:54', null, null, 0, -1, N'系统管理', N'catalog', N'/system', N'/system/role', null, null, 0, 0, N'system.title', N'carbon:settings', null, null, null, null, null, null, 0, 0, 0, 0, 0, 0, null);
INSERT INTO sys_menu (id, tenant_id, deleted, create_by, create_time, update_by, update_time, version, pid, name, type, path, active_path, component, auth_code, status, sort_order, meta_title, meta_icon, meta_active_icon, meta_badge_type, meta_badge, meta_badge_variants, meta_iframe_src, meta_link, meta_keep_alive, meta_affix_tab, meta_hide_in_menu, meta_hide_children_in_menu, meta_hide_in_breadcrumb, meta_hide_in_tab, remark) VALUES (2000001, 0, 0, null, N'2026-02-23 13:07:55', null, null, 0, 2000000, N'角色管理', N'menu', N'/system/role', null, N'/system/role/list', null, 0, 0, N'system.role.title', N'mdi:account-group', null, null, null, null, null, null, 0, 0, 0, 0, 0, 0, null);
INSERT INTO sys_menu (id, tenant_id, deleted, create_by, create_time, update_by, update_time, version, pid, name, type, path, active_path, component, auth_code, status, sort_order, meta_title, meta_icon, meta_active_icon, meta_badge_type, meta_badge, meta_badge_variants, meta_iframe_src, meta_link, meta_keep_alive, meta_affix_tab, meta_hide_in_menu, meta_hide_children_in_menu, meta_hide_in_breadcrumb, meta_hide_in_tab, remark) VALUES (2000002, 0, 0, null, N'2026-02-23 13:07:55', null, null, 0, 2000000, N'菜单管理', N'menu', N'/system/menu', null, N'/system/menu/list', null, 0, 0, N'system.menu.title', N'carbon:menu', null, null, null, null, null, null, 0, 0, 0, 0, 0, 0, null);
INSERT INTO sys_menu (id, tenant_id, deleted, create_by, create_time, update_by, update_time, version, pid, name, type, path, active_path, component, auth_code, status, sort_order, meta_title, meta_icon, meta_active_icon, meta_badge_type, meta_badge, meta_badge_variants, meta_iframe_src, meta_link, meta_keep_alive, meta_affix_tab, meta_hide_in_menu, meta_hide_children_in_menu, meta_hide_in_breadcrumb, meta_hide_in_tab, remark) VALUES (2000003, 0, 0, null, N'2026-02-23 13:07:55', null, null, 0, 2000000, N'部门管理', N'menu', N'/system/dept', null, N'/system/dept/list', null, 0, 0, N'system.dept.title', N'carbon:container-services', null, null, null, null, null, null, 0, 0, 0, 0, 0, 0, null);
INSERT INTO sys_role_menu (id, tenant_id, deleted, create_by, create_time, update_by, update_time, version, role_id, menu_id) VALUES (3, 0, 0, null, N'2026-02-23 10:45:22', null, null, 0, 1, 2000002);
INSERT INTO sys_role_menu (id, tenant_id, deleted, create_by, create_time, update_by, update_time, version, role_id, menu_id) VALUES (2, 0, 0, null, N'2026-02-23 10:45:22', null, null, 0, 1, 2000001);
INSERT INTO sys_role_menu (id, tenant_id, deleted, create_by, create_time, update_by, update_time, version, role_id, menu_id) VALUES (1, 0, 0, null, N'2026-02-23 10:45:22', null, null, 0, 1, 2000000);
INSERT INTO sys_role_menu (id, tenant_id, deleted, create_by, create_time, update_by, update_time, version, role_id, menu_id) VALUES (4, 0, 0, null, N'2026-02-23 10:45:22', null, null, 0, 1, 2000003);
INSERT INTO sys_role_menu (id, tenant_id, deleted, create_by, create_time, update_by, update_time, version, role_id, menu_id) VALUES (5, 0, 0, null, N'2026-02-23 13:08:27', null, null, 0, 1, 1000000);
INSERT INTO sys_role_menu (id, tenant_id, deleted, create_by, create_time, update_by, update_time, version, role_id, menu_id) VALUES (6, 0, 0, null, N'2026-02-23 13:08:27', null, null, 0, 1, 1000001);
INSERT INTO sys_role_menu (id, tenant_id, deleted, create_by, create_time, update_by, update_time, version, role_id, menu_id) VALUES (7, 0, 0, null, N'2026-02-23 13:08:27', null, null, 0, 1, 1000002);
INSERT INTO sys_role_menu (id, tenant_id, deleted, create_by, create_time, update_by, update_time, version, role_id, menu_id) VALUES (2026254113364283394, 0, 0, 2037530489174941698, N'2026-02-24 19:13:21', 2037530489174941698, N'2026-02-24 19:13:21', 0, 2026254113280397314, 1000000);
INSERT INTO sys_role_menu (id, tenant_id, deleted, create_by, create_time, update_by, update_time, version, role_id, menu_id) VALUES (2026254113381060610, 0, 0, 2037530489174941698, N'2026-02-24 19:13:21', 2037530489174941698, N'2026-02-24 19:13:21', 0, 2026254113280397314, 1000001);
INSERT INTO sys_role_menu (id, tenant_id, deleted, create_by, create_time, update_by, update_time, version, role_id, menu_id) VALUES (2026254113381060611, 0, 0, 2037530489174941698, N'2026-02-24 19:13:21', 2037530489174941698, N'2026-02-24 19:13:21', 0, 2026254113280397314, 1000002);
INSERT INTO sys_role_menu (id, tenant_id, deleted, create_by, create_time, update_by, update_time, version, role_id, menu_id) VALUES (2026254113381060612, 0, 0, 2037530489174941698, N'2026-02-24 19:13:21', 2037530489174941698, N'2026-02-24 19:13:21', 0, 2026254113280397314, 2000000);
INSERT INTO sys_role_menu (id, tenant_id, deleted, create_by, create_time, update_by, update_time, version, role_id, menu_id) VALUES (2026254113381060613, 0, 0, 2037530489174941698, N'2026-02-24 19:13:21', 2037530489174941698, N'2026-02-24 19:13:21', 0, 2026254113280397314, 2000001);
INSERT INTO sys_role_menu (id, tenant_id, deleted, create_by, create_time, update_by, update_time, version, role_id, menu_id) VALUES (2026254113381060614, 0, 0, 2037530489174941698, N'2026-02-24 19:13:21', 2037530489174941698, N'2026-02-24 19:13:21', 0, 2026254113280397314, 2000002);
INSERT INTO sys_role_menu (id, tenant_id, deleted, create_by, create_time, update_by, update_time, version, role_id, menu_id) VALUES (2026254113381060615, 0, 0, 2037530489174941698, N'2026-02-24 19:13:21', 2037530489174941698, N'2026-02-24 19:13:21', 0, 2026254113280397314, 2000003);