INSERT INTO sys_user (id, tenant_id, deleted, create_by, create_time, update_by, update_time, version, username, password, real_name, dept_id, status, last_login_time, last_login_ip, remark) VALUES (2024104872644628481, 0, false, null, '2026-02-18 20:53:02.346189', null, '2026-02-18 20:53:02.350184', 0, 'heao', '$2a$10$f0XekduFR5t4yDE0k3nebegBQVwne0eUSCU78A364ztbnVarcFRKO', '贺澳', null, 1, null, null, null);
INSERT INTO sys_user_role (id, tenant_id, deleted, create_by, create_time, update_by, update_time, version, user_id, role_id) VALUES (2024104872766263297, 0, false, null, '2026-02-18 20:53:02.374085', null, '2026-02-18 20:53:02.374085', 0, 2024104872644628481, 1);
INSERT INTO sys_role (id, tenant_id, deleted, create_by, create_time, update_by, update_time, version, name, code, status, data_scope, remark) VALUES (1, 1, false, null, '2026-02-18 12:01:33.032006', null, null, 0, '超级管理员', 'super', 1, 1, null);
INSERT INTO sys_role (id, tenant_id, deleted, create_by, create_time, update_by, update_time, version, name, code, status, data_scope, remark) VALUES (2026254113280397314, 0, false, 2024104872644628481, '2026-02-24 19:13:21.252564', 2024104872644628481, '2026-02-24 19:13:21.253484', 4, '管理员', null, 1, 1, null);
INSERT INTO sys_menu (id, tenant_id, deleted, create_by, create_time, update_by, update_time, version, pid, name, type, path, active_path, component, auth_code, status, sort_order, meta_title, meta_icon, meta_active_icon, meta_badge_type, meta_badge, meta_badge_variants, meta_iframe_src, meta_link, meta_keep_alive, meta_affix_tab, meta_hide_in_menu, meta_hide_children_in_menu, meta_hide_in_breadcrumb, meta_hide_in_tab, remark) VALUES (1000000, 0, false, null, '2026-02-23 13:07:55.175040', null, null, 0, -1, '主页', 'catalog', '/dashboard', '/analytics', null, null, 0, 0, 'page.dashboard.title', 'ant-design:home-outlined', null, null, null, null, null, null, false, false, false, false, false, false, null);
INSERT INTO sys_menu (id, tenant_id, deleted, create_by, create_time, update_by, update_time, version, pid, name, type, path, active_path, component, auth_code, status, sort_order, meta_title, meta_icon, meta_active_icon, meta_badge_type, meta_badge, meta_badge_variants, meta_iframe_src, meta_link, meta_keep_alive, meta_affix_tab, meta_hide_in_menu, meta_hide_children_in_menu, meta_hide_in_breadcrumb, meta_hide_in_tab, remark) VALUES (1000001, 0, false, null, '2026-02-23 13:07:55.227215', null, null, 0, 1000000, '分析页', 'menu', '/analytics', null, '/dashboard/analytics/index', null, 0, 0, 'page.dashboard.analytics', 'ant-design:rise-outlined', null, null, null, null, null, null, false, false, false, false, false, false, null);
INSERT INTO sys_menu (id, tenant_id, deleted, create_by, create_time, update_by, update_time, version, pid, name, type, path, active_path, component, auth_code, status, sort_order, meta_title, meta_icon, meta_active_icon, meta_badge_type, meta_badge, meta_badge_variants, meta_iframe_src, meta_link, meta_keep_alive, meta_affix_tab, meta_hide_in_menu, meta_hide_children_in_menu, meta_hide_in_breadcrumb, meta_hide_in_tab, remark) VALUES (1000002, 0, false, null, '2026-02-23 13:07:55.264803', null, null, 0, 1000000, '工作台', 'menu', '/workspace', null, '/dashboard/workspace/index', null, 0, 0, 'page.dashboard.workspace', 'carbon:workspace', null, null, null, null, null, null, false, false, false, false, false, false, null);
INSERT INTO sys_menu (id, tenant_id, deleted, create_by, create_time, update_by, update_time, version, pid, name, type, path, active_path, component, auth_code, status, sort_order, meta_title, meta_icon, meta_active_icon, meta_badge_type, meta_badge, meta_badge_variants, meta_iframe_src, meta_link, meta_keep_alive, meta_affix_tab, meta_hide_in_menu, meta_hide_children_in_menu, meta_hide_in_breadcrumb, meta_hide_in_tab, remark) VALUES (2000000, 0, false, null, '2026-02-23 13:07:54.721598', null, null, 0, -1, '系统管理', 'catalog', '/system', '/system/role', null, null, 0, 0, 'system.title', 'carbon:settings', null, null, null, null, null, null, false, false, false, false, false, false, null);
INSERT INTO sys_menu (id, tenant_id, deleted, create_by, create_time, update_by, update_time, version, pid, name, type, path, active_path, component, auth_code, status, sort_order, meta_title, meta_icon, meta_active_icon, meta_badge_type, meta_badge, meta_badge_variants, meta_iframe_src, meta_link, meta_keep_alive, meta_affix_tab, meta_hide_in_menu, meta_hide_children_in_menu, meta_hide_in_breadcrumb, meta_hide_in_tab, remark) VALUES (2000001, 0, false, null, '2026-02-23 13:07:55.011430', null, null, 0, 2000000, '角色管理', 'menu', '/system/role', null, '/system/role/list', null, 0, 0, 'system.role.title', 'mdi:account-group', null, null, null, null, null, null, false, false, false, false, false, false, null);
INSERT INTO sys_menu (id, tenant_id, deleted, create_by, create_time, update_by, update_time, version, pid, name, type, path, active_path, component, auth_code, status, sort_order, meta_title, meta_icon, meta_active_icon, meta_badge_type, meta_badge, meta_badge_variants, meta_iframe_src, meta_link, meta_keep_alive, meta_affix_tab, meta_hide_in_menu, meta_hide_children_in_menu, meta_hide_in_breadcrumb, meta_hide_in_tab, remark) VALUES (2000002, 0, false, null, '2026-02-23 13:07:55.084887', null, null, 0, 2000000, '菜单管理', 'menu', '/system/menu', null, '/system/menu/list', null, 0, 0, 'system.menu.title', 'carbon:menu', null, null, null, null, null, null, false, false, false, false, false, false, null);
INSERT INTO sys_menu (id, tenant_id, deleted, create_by, create_time, update_by, update_time, version, pid, name, type, path, active_path, component, auth_code, status, sort_order, meta_title, meta_icon, meta_active_icon, meta_badge_type, meta_badge, meta_badge_variants, meta_iframe_src, meta_link, meta_keep_alive, meta_affix_tab, meta_hide_in_menu, meta_hide_children_in_menu, meta_hide_in_breadcrumb, meta_hide_in_tab, remark) VALUES (2000003, 0, false, null, '2026-02-23 13:07:55.140258', null, null, 0, 2000000, '部门管理', 'menu', '/system/dept', null, '/system/dept/list', null, 0, 0, 'system.dept.title', 'carbon:container-services', null, null, null, null, null, null, false, false, false, false, false, false, null);
INSERT INTO sys_role_menu (id, tenant_id, deleted, create_by, create_time, update_by, update_time, version, role_id, menu_id) VALUES (3, 0, false, null, '2026-02-23 10:45:22.462298', null, null, 0, 1, 2000002);
INSERT INTO sys_role_menu (id, tenant_id, deleted, create_by, create_time, update_by, update_time, version, role_id, menu_id) VALUES (2, 0, false, null, '2026-02-23 10:45:22.462298', null, null, 0, 1, 2000001);
INSERT INTO sys_role_menu (id, tenant_id, deleted, create_by, create_time, update_by, update_time, version, role_id, menu_id) VALUES (1, 0, false, null, '2026-02-23 10:45:22.462298', null, null, 0, 1, 2000000);
INSERT INTO sys_role_menu (id, tenant_id, deleted, create_by, create_time, update_by, update_time, version, role_id, menu_id) VALUES (4, 0, false, null, '2026-02-23 10:45:22.462298', null, null, 0, 1, 2000003);
INSERT INTO sys_role_menu (id, tenant_id, deleted, create_by, create_time, update_by, update_time, version, role_id, menu_id) VALUES (5, 0, false, null, '2026-02-23 13:08:27.004924', null, null, 0, 1, 1000000);
INSERT INTO sys_role_menu (id, tenant_id, deleted, create_by, create_time, update_by, update_time, version, role_id, menu_id) VALUES (6, 0, false, null, '2026-02-23 13:08:27.004924', null, null, 0, 1, 1000001);
INSERT INTO sys_role_menu (id, tenant_id, deleted, create_by, create_time, update_by, update_time, version, role_id, menu_id) VALUES (7, 0, false, null, '2026-02-23 13:08:27.004924', null, null, 0, 1, 1000002);
INSERT INTO sys_role_menu (id, tenant_id, deleted, create_by, create_time, update_by, update_time, version, role_id, menu_id) VALUES (2026254113364283394, 0, false, 2024104872644628481, '2026-02-24 19:13:21.264957', 2024104872644628481, '2026-02-24 19:13:21.264957', 0, 2026254113280397314, 1000000);
INSERT INTO sys_role_menu (id, tenant_id, deleted, create_by, create_time, update_by, update_time, version, role_id, menu_id) VALUES (2026254113381060610, 0, false, 2024104872644628481, '2026-02-24 19:13:21.268597', 2024104872644628481, '2026-02-24 19:13:21.268597', 0, 2026254113280397314, 1000001);
INSERT INTO sys_role_menu (id, tenant_id, deleted, create_by, create_time, update_by, update_time, version, role_id, menu_id) VALUES (2026254113381060611, 0, false, 2024104872644628481, '2026-02-24 19:13:21.268597', 2024104872644628481, '2026-02-24 19:13:21.268597', 0, 2026254113280397314, 1000002);
INSERT INTO sys_role_menu (id, tenant_id, deleted, create_by, create_time, update_by, update_time, version, role_id, menu_id) VALUES (2026254113381060612, 0, false, 2024104872644628481, '2026-02-24 19:13:21.269566', 2024104872644628481, '2026-02-24 19:13:21.269566', 0, 2026254113280397314, 2000000);
INSERT INTO sys_role_menu (id, tenant_id, deleted, create_by, create_time, update_by, update_time, version, role_id, menu_id) VALUES (2026254113381060613, 0, false, 2024104872644628481, '2026-02-24 19:13:21.269566', 2024104872644628481, '2026-02-24 19:13:21.269566', 0, 2026254113280397314, 2000001);
INSERT INTO sys_role_menu (id, tenant_id, deleted, create_by, create_time, update_by, update_time, version, role_id, menu_id) VALUES (2026254113381060614, 0, false, 2024104872644628481, '2026-02-24 19:13:21.269566', 2024104872644628481, '2026-02-24 19:13:21.269566', 0, 2026254113280397314, 2000002);
INSERT INTO sys_role_menu (id, tenant_id, deleted, create_by, create_time, update_by, update_time, version, role_id, menu_id) VALUES (2026254113381060615, 0, false, 2024104872644628481, '2026-02-24 19:13:21.269566', 2024104872644628481, '2026-02-24 19:13:21.269566', 0, 2026254113280397314, 2000003);